{
    "$schema": "https://developer.microsoft.com/json-schemas/teams/v1.6/MicrosoftTeams.schema.json",
    "name.short": "Message Finder",
    "name.full": "Message Finder for Microsoft Teams TOPICS and CHATS",
    "description.short": "Helps you find messages from TOPICS and CHATS.",
    "description.full": "This application helps you in finding specific messages by keyword from TOPICS and CHATS in Microsoft Teams.",
    "staticTabs[0].name": "チャネル検索",
    "staticTabs[1].name": "チャット検索",
    "staticTabs[2].name": "表題一覧"
  }