{
    "$schema": "https://developer.microsoft.com/json-schemas/teams/v1.6/MicrosoftTeams.schema.json",
    "name.short": "メッセージ検索",
    "name.full": "カコムス カスタム 検索",
    "description.short": "チャネルメッセージ、チャットメッセージの検索およびチャネル表題一覧タブを提供しています。",
    "description.full": "チャネルメッセージ、チャットメッセージの検索およびチャネル表題一覧タブを提供しています。",
    "staticTabs[0].name": "チャネル検索",
    "staticTabs[1].name": "チャット検索",
    "staticTabs[2].name": "表題一覧",
    "staticTabs[3].name": "スケジュール検索"
  }